Phone,First,Last,Address,Territory
787-881-4544, Katherine,Aguila Aldarondo ,682 Km 57,arecibo-k
787-879-5606, Khaled,Ahmad Abdelhay ,Buenos Aires,arecibo-k
787-650-7998, Keila,Alvarez Navarro ,Urb Victor Rojas II,arecibo-k
787-881-5010, Kendra V,Caraballo Lopez ,Urb Jdns,arecibo-k
787-879-4521, Karen,Cardona Matos ,Bo Corcobado,arecibo-k
787-880-3104, Karen M,Centeno Aguilar ,Bo Hato Arriba,arecibo-k
787-881-1240, Krimilda,Centeno Roman ,Bajadero,arecibo-k
787-878-6934, Katiria,Chevere Robles ,Bo Carrizales,arecibo-k
787-815-3402, Karen,Cruz Amador ,Bo Santana,arecibo-k
787-816-8062, Kelvin J,Cruz Candelaria ,Urb Alturas San Felipe,arecibo-k
787-815-3428, Keila,Cruz Velez ,Cercadillo,arecibo-k
787-880-4266, Katherine,Dominguez ,493 Km 15,arecibo-k
787-881-3676, Keschia I,Gonzalez Olmo ,Bo Islote II,arecibo-k
787-650-7575, Kirby,Harris ,Sabana Hoyos,arecibo-k
787-815-3567, Karem,Lajara Rodriguez ,Urb Los Pinos,arecibo-k
787-878-0019, Karen L,Lardie Reyes ,Bo Islote,arecibo-k
787-879-3653, Kalmarie,Lisboa Hernandez ,Brisas Del Valle,arecibo-k
787-816-4367, Karina,Lopez Colon ,Abra San Francisco,arecibo-k
787-880-1517, Karen,Maldonado Centeno ,Bo Zeno Gandia,arecibo-k
787-881-8366,n/a,,Martinez Cosme  Ketty,arecibo-k
787-881-0249, Karla,Martinez Soberal ,Urb Los Pinos,arecibo-k
787-817-0616, Karina,Melendez Torres ,Urb Los Pino,arecibo-k
787-816-3078, Karen M,Monroig Tavarez ,Urb Los Pinos,arecibo-k
787-879-1304, Kenneth,Morales Moreno ,Victor Rojas II,arecibo-k
787-879-1932, Kurt,Opiolla Opiolla ,El Valle Rio Arriba,arecibo-k
787-815-4452, Karen,Perez Crespo ,Bo Jarealito,arecibo-k
787-881-2645, Karen M,Perez Crespo ,Bo Sabana Hoyos,arecibo-k
787-878-7813, Karen,Pietri Agront ,Urb Jdnes de Palo Blanco,arecibo-k
787-815-1632, Katherine,Quinones Torres ,Urb Paseos Reales,arecibo-k
787-650-9490, Katherine,Quiñones ,Urb Paseos Reales,arecibo-k
787-816-0524, Kelvin J,Quiñones Rodriguez ,Par Bithorn,arecibo-k
787-650-4724, Keila,Ramos ,Urb Victor Rojas I,arecibo-k
787-650-8717, Karen,Rios Seno ,Bo Islote,arecibo-k
787-815-2403, Kiomarie,Rodriguez Oliveras ,Candelaria,arecibo-k
787-815-7398, Keila I,Rodriguez Serrano ,Miraflores,arecibo-k
787-878-5603, Keila,Rosario Figueroa ,Bo Garrochales,arecibo-k
787-815-5399, Karen,Rosas Caban ,Paseo Real,arecibo-k
787-817-1099, Keyla R,Sanchez Roa ,Bo Dominguito,arecibo-k
787-817-5283, Kitza C,Silverio Mena ,Hato Abajo,arecibo-k
787-878-9428, Kenneth,Smith Newman ,Bo San Daniel,arecibo-k
